scope_version,criterion_group,summary_domain,risk,control_or_gap,accountable_owner,evidence_custodian,reviewer,proposed_frequency,evidence_refs,design,implementation,operating_evidence,mapping_status,gap_or_limitation,type_impact,status
SOC2-SCOPE-DRAFT-0.2,CC1,"Control environment and accountability","Concentrated or unclear authority permits unsupported decisions and ineffective oversight","Management ownership, competence, conduct, conflicts, and compensating review","Founder authority FR-01","Founder authority FR-01","UNASSIGNED - independent and qualified review required","Annual and on material role or scope change","SOC2-39.1-E02;SOC2-39.1-E07",Gap,Partial,Unavailable,"Provisional domain summary; not criterion complete","Protected appointment, competence evidence, independent oversight, training, and recurring review unavailable","Type I and Type II",Blocked
SOC2-SCOPE-DRAFT-0.2,CC2,"Information and communication","Incomplete or inaccurate information can produce false control and assurance conclusions","Evidence quality, internal communication, external claims, and shared responsibilities","Founder authority FR-01","Founder authority FR-01","UNASSIGNED - evidence and legal/contract reviewers required","Per evidence item; before publication; periodic quality review","SOC2-39.1-E02;SOC2-39.1-E08",Partial,Partial,Unavailable,"Provisional domain summary; not criterion complete","Protected evidence index, communication populations, contracts, claims approval, and recurring review unavailable","Type I and Type II",Blocked
SOC2-SCOPE-DRAFT-0.2,CC3,"Risk assessment","Material system, fraud, vendor, people, and significant-change risks may be missed","Enterprise risk objectives, risk register, fraud/abuse analysis, and significant-change review","Founder authority FR-01","Founder authority FR-01","UNASSIGNED - independent security and management review required","Annual and on significant change","SOC2-39.1-E01;SOC2-39.1-E07",Gap,Unverified,Unavailable,"Provisional domain summary; not criterion complete","No approved enterprise risk method/register or reviewed significant-change population","Type I and Type II",Blocked
SOC2-SCOPE-DRAFT-0.2,CC4,"Monitoring and deficiency remediation","Control failures may remain undetected, unreviewed, or silently overwritten","Monitoring, exceptions, corrective action, immutable history, retest, and management review","Founder authority FR-01","Founder authority FR-01","UNASSIGNED - independent evidence reviewer required","Continuous or periodic by control; per deficiency","SOC2-39.1-E03;SOC2-39.1-E04",Partial,Partial,Unavailable,"Provisional domain summary; not criterion complete","Technical checks exist, but complete populations, independent review, failure escalation, and period evidence are unavailable","Type I and Type II",Blocked
SOC2-SCOPE-DRAFT-0.2,CC5,"Control activities and policy deployment","Controls may not address scoped risks or may exist only as code and intended procedure","Risk-aligned control design, technology controls, policies, procedures, and acknowledgement","Founder authority FR-01","Founder authority FR-01","UNASSIGNED - control owners and qualified reviewers required","Per change and at approved policy/risk cadence","SOC2-39.1-E02;SOC2-39.1-E03",Partial,Partial,Unavailable,"Provisional domain summary; not criterion complete","Authorized criteria mapping, corporate policy baseline, owners, acknowledgement, and period operation incomplete","Type I and Type II",Blocked
SOC2-SCOPE-DRAFT-0.2,CC6,"Logical and physical access and data protection","Unauthorized access, transfer, disclosure, or media handling can compromise scoped systems and evidence","Identity, tenant isolation, authorization, access lifecycle, boundary protection, transmission, assets, and malware protection","Founder authority FR-01","Founder authority FR-01","UNASSIGNED - identity, security, privacy, and access reviewers required","Continuous; per access event; periodic access and boundary review","SOC2-39.1-E02;SOC2-39.1-E03;SOC2-39.1-E05",Partial,Partial,Unavailable,"Provisional domain summary; not criterion complete","Current access populations, workforce lifecycle, provider inheritance, complete live routes, retention/disposal, and recurring review unavailable","Type I and Type II",Blocked
SOC2-SCOPE-DRAFT-0.2,CC7,"Security operations, incidents, and recovery","Weaknesses or events may not be detected, contained, corrected, or recovered","Vulnerability management, telemetry, triage, incident response, backup, restoration, and corrective action","Founder authority FR-01","Founder authority FR-01","UNASSIGNED - independent security, legal, and operations reviewers required","Continuous or risk-based; per event; recurring exercises","SOC2-39.1-E03;SOC2-39.1-E04;SOC2-39.1-E06",Partial,Partial,Unavailable,"Provisional domain summary; not criterion complete","Approved programs, live coverage, incident populations, exercises, recovery objectives, and period evidence unavailable","Type I and Type II",Blocked
SOC2-SCOPE-DRAFT-0.2,CC8,"Change management","Unreviewed code, configuration, infrastructure, or content changes may introduce defects or invalidate evidence","PR, CI, release, migration, rollback, emergency change, and independent approval","Founder authority FR-01","Founder authority FR-01","UNASSIGNED - independent change approver required","Per change plus periodic population review","SOC2-39.1-E04;SOC2-39.1-E05",Partial,Partial,Unavailable,"Provisional domain summary; not criterion complete","Required checks exist, but approving review is not required on main and bypass/emergency/period populations were not reviewed","Type I and Type II",Blocked
SOC2-SCOPE-DRAFT-0.2,CC9,"Business disruption and vendor risk","Provider or continuity failures may invalidate commitments and recovery capability","Business impact, continuity, capacity, provider inventory, due diligence, contracts, assurance, and monitoring","Founder authority FR-01","Founder authority FR-01","UNASSIGNED - management, legal/procurement, and vendor reviewers required","Before onboarding; annual and on material change; recurring recovery exercises","SOC2-39.1-E02;SOC2-39.1-E04",Gap,Unverified,Unavailable,"Provisional domain summary; not criterion complete","No approved BIA/BCP, provider register, contract/assurance review, recovery objectives, or recurring monitoring evidence","Type I and Type II; category-dependent",Blocked
